{"cameraMode":{"drawMode":0,"name":"Shaded","section":"Shading Mode"},"sceneLighting":true,"audioPlay":false,"sceneViewState":{"m_AlwaysRefresh":false,"showFog":true,"showSkybox":true,"showFlares":true,"showImageEffects":true,"showParticleSystems":true,"showVisualEffectGraphs":true,"m_FxEnabled":true},"in2DMode":false,"pivot":{"x":1.731736421585083,"y":4.028809070587158,"z":-1.2713236808776856},"rotation":{"x":-0.06731923669576645,"y":0.06192140653729439,"z":0.004187002312391996,"w":0.9958020448684692},"size":1.8223986625671387,"orthographic":false}